band_1,band_2,n1,n2,U_stat,p_value
0-35,35-55,20864,8684,89287200.0,0.05085602738778188
0-35,55<=,20864,208,1876653.0,0.0007832434905798439
35-55,55<=,8684,208,797599.0,0.003919774098135638
