band_1,band_2,n1,n2,U_stat,p_value,cliffs_d,magnitude,A12
0-35,35-55,20471,8552,79364539.0,4.456997684546995e-64,-0.17741235968194574,small,0.4112938201590271
0-35,55<=,20471,205,1635501.0,8.985959282112696e-10,-0.3814912195121951,medium,0.30925439024390244
35-55,55<=,8552,205,795156.5,0.003063153245743516,-0.22306977115608387,small,0.3884651144219581
