base_roc_auc,base_pr_auc,robust_roc_auc,robust_pr_auc
0.8929658115271535,0.923115064848217,0.8907248802549812,0.9217467800127637
