age_band,n,completion_rate,IMI_mean,IMI_std
0-35,20471,0.504665136046114,0.6837171633076665,0.1456151226368357
35-55,8552,0.5750701590271281,0.7266136241431206,0.13321448080374224
55<=,205,0.6487804878048781,0.7737311124411572,0.12452959689993601
